equipment_id,total_records,normal_records,abnormal_records,not_processed_records,processed_records,abnormal_percent
BG-01,2996,1968,204,824,2172,9.39
BG-02,3004,1978,201,825,2179,9.22
BI-01,2914,970,116,1828,1086,10.68
BI-02,3086,1031,109,1946,1140,9.56
DA-01,3013,1728,190,1095,1918,9.91
DA-02,2987,1677,173,1137,1850,9.35
EOL-01,2933,813,54,2066,867,6.23
EOL-02,3067,894,48,2125,942,5.1
FCT-01,3059,925,53,2081,978,5.42
FCT-02,2941,884,36,2021,920,3.91
FI-01,3045,784,72,2189,856,8.41
FI-02,2955,767,84,2104,851,9.87
ICT-01,3037,988,51,1998,1039,4.91
ICT-02,2963,910,52,2001,962,5.41
MK-01,2966,1221,65,1680,1286,5.05
MK-02,3034,1256,79,1699,1335,5.92
MO-01,3049,1348,227,1474,1575,14.41
MO-02,2951,1273,219,1459,1492,14.68
PI-01,3032,1113,51,1868,1164,4.38
PI-02,2968,1113,65,1790,1178,5.52
PK-01,3060,721,32,2307,753,4.25
PK-02,2940,762,36,2142,798,4.51
SG-01,2941,1132,64,1745,1196,5.35
SG-02,3059,1210,71,1778,1281,5.54
WB-01,3063,1589,163,1311,1752,9.3
WB-02,2937,1478,175,1284,1653,10.59
WD-01,3015,1876,104,1035,1980,5.25
WD-02,2985,1892,74,1019,1966,3.76
WI-01,3048,2327,721,0,3048,23.65
WI-02,2952,2265,687,0,2952,23.27
WS-01,2951,2167,116,668,2283,5.08
WS-02,3049,2184,125,740,2309,5.41
