lot_id,operation_type,shift,total_records,normal_records,abnormal_records,not_processed_records,unique_units,unique_wafers,processed_records,abnormal_percent
LOT001,ATMP,A,329,140,18,171,47,47,158,11.39
LOT001,ATMP,B,336,141,22,173,48,48,163,13.5
LOT001,ATMP,C,385,180,24,181,55,55,204,11.76
LOT001,OSAT,A,235,69,3,163,47,47,72,4.17
LOT001,OSAT,B,240,80,8,152,48,48,88,9.09
LOT001,OSAT,C,275,110,7,158,55,55,117,5.98
LOT001,OSAT/ATMP,A,188,77,19,92,47,47,96,19.79
LOT001,OSAT/ATMP,B,192,80,6,106,48,48,86,6.98
LOT001,OSAT/ATMP,C,220,99,9,112,55,55,108,8.33
LOT002,OSAT/ATMP,C,208,92,11,105,52,52,103,10.68
LOT002,OSAT/ATMP,B,204,97,15,92,51,51,112,13.39
LOT002,OSAT/ATMP,A,188,98,7,83,47,47,105,6.67
LOT002,OSAT,C,260,84,7,169,52,52,91,7.69
LOT002,ATMP,B,357,180,18,159,51,51,198,9.09
LOT002,OSAT,A,235,102,6,127,47,47,108,5.56
LOT002,ATMP,C,364,149,26,189,52,52,175,14.86
LOT002,ATMP,A,329,171,19,139,47,47,190,10.0
LOT002,OSAT,B,255,97,7,151,51,51,104,6.73
LOT003,OSAT/ATMP,A,228,125,14,89,57,57,139,10.07
LOT003,OSAT/ATMP,C,204,86,9,109,51,51,95,9.47
LOT003,OSAT/ATMP,B,168,70,8,90,42,42,78,10.26
LOT003,OSAT,C,255,88,6,161,51,51,94,6.38
LOT003,ATMP,B,294,119,22,153,42,42,141,15.6
LOT003,OSAT,A,285,108,6,171,57,57,114,5.26
LOT003,ATMP,C,357,150,26,181,51,51,176,14.77
LOT003,ATMP,A,399,211,23,165,57,57,234,9.83
LOT003,OSAT,B,210,64,4,142,42,42,68,5.88
LOT004,OSAT/ATMP,C,236,98,14,124,59,59,112,12.5
LOT004,OSAT/ATMP,B,156,94,6,56,39,39,100,6.0
LOT004,OSAT/ATMP,A,208,79,7,122,52,52,86,8.14
LOT004,OSAT,C,295,97,5,193,59,59,102,4.9
LOT004,OSAT,B,195,99,5,91,39,39,104,4.81
LOT004,ATMP,C,413,178,31,204,59,59,209,14.83
LOT004,ATMP,B,273,160,13,100,39,39,173,7.51
LOT004,ATMP,A,364,155,29,180,52,52,184,15.76
LOT004,OSAT,A,260,99,4,157,52,52,103,3.88
LOT005,OSAT,C,295,113,11,171,59,59,124,8.87
LOT005,OSAT/ATMP,C,236,113,7,116,59,59,120,5.83
LOT005,OSAT/ATMP,B,200,81,15,104,50,50,96,15.62
LOT005,OSAT,B,250,82,7,161,50,50,89,7.87
LOT005,OSAT/ATMP,A,164,78,11,75,41,41,89,12.36
LOT005,ATMP,C,413,187,27,199,59,59,214,12.62
LOT005,OSAT,A,205,70,4,131,41,41,74,5.41
LOT005,ATMP,B,350,152,19,179,50,50,171,11.11
LOT005,ATMP,A,287,136,18,133,41,41,154,11.69
LOT006,OSAT/ATMP,C,228,96,11,121,57,57,107,10.28
LOT006,OSAT/ATMP,B,164,62,9,93,41,41,71,12.68
LOT006,OSAT/ATMP,A,208,119,10,79,52,52,129,7.75
LOT006,OSAT,C,285,104,9,172,57,57,113,7.96
LOT006,OSAT,B,205,74,4,127,41,41,78,5.13
LOT006,OSAT,A,260,137,5,118,52,52,142,3.52
LOT006,ATMP,C,399,174,24,201,57,57,198,12.12
LOT006,ATMP,B,287,121,20,146,41,41,141,14.18
LOT006,ATMP,A,364,212,17,135,52,52,229,7.42
LOT007,OSAT/ATMP,B,236,122,8,106,59,59,130,6.15
LOT007,OSAT/ATMP,A,204,98,11,95,51,51,109,10.09
LOT007,OSAT,C,200,86,8,106,40,40,94,8.51
LOT007,OSAT,B,295,134,5,156,59,59,139,3.6
LOT007,OSAT/ATMP,C,160,86,5,69,40,40,91,5.49
LOT007,ATMP,C,280,147,15,118,40,40,162,9.26
LOT007,ATMP,B,413,216,27,170,59,59,243,11.11
LOT007,ATMP,A,357,175,22,160,51,51,197,11.17
LOT007,OSAT,A,255,112,3,140,51,51,115,2.61
LOT008,OSAT/ATMP,B,172,94,5,73,43,43,99,5.05
LOT008,OSAT/ATMP,A,176,66,13,97,44,44,79,16.46
LOT008,OSAT,C,315,104,9,202,63,63,113,7.96
LOT008,OSAT,B,215,96,5,114,43,43,101,4.95
LOT008,OSAT/ATMP,C,252,97,10,145,63,63,107,9.35
LOT008,ATMP,C,441,170,34,237,63,63,204,16.67
LOT008,ATMP,B,301,160,20,121,43,43,180,11.11
LOT008,ATMP,A,308,131,16,161,44,44,147,10.88
LOT008,OSAT,A,220,74,7,139,44,44,81,8.64
LOT009,OSAT/ATMP,C,156,83,8,65,39,39,91,8.79
LOT009,OSAT/ATMP,B,204,89,12,103,51,51,101,11.88
LOT009,OSAT/ATMP,A,240,131,6,103,60,60,137,4.38
LOT009,OSAT,C,195,88,3,104,39,39,91,3.3
LOT009,OSAT,B,255,90,7,158,51,51,97,7.22
LOT009,ATMP,C,273,147,16,110,39,39,163,9.82
LOT009,ATMP,B,357,160,22,175,51,51,182,12.09
LOT009,ATMP,A,420,218,26,176,60,60,244,10.66
LOT009,OSAT,A,300,134,12,154,60,60,146,8.22
LOT010,OSAT,C,285,125,9,151,57,57,134,6.72
LOT010,OSAT/ATMP,C,228,120,12,96,57,57,132,9.09
LOT010,OSAT/ATMP,B,172,86,8,78,43,43,94,8.51
LOT010,OSAT,B,215,80,13,122,43,43,93,13.98
LOT010,OSAT/ATMP,A,200,112,8,80,50,50,120,6.67
LOT010,ATMP,C,399,212,21,166,57,57,233,9.01
LOT010,ATMP,A,350,195,18,137,50,50,213,8.45
LOT010,OSAT,A,250,112,8,130,50,50,120,6.67
LOT010,ATMP,B,301,142,15,144,43,43,157,9.55
LOT011,ATMP,A,378,178,21,179,54,54,199,10.55
LOT011,ATMP,B,336,181,16,139,48,48,197,8.12
LOT011,ATMP,C,336,167,25,144,48,48,192,13.02
LOT011,OSAT,A,270,100,5,165,54,54,105,4.76
LOT011,OSAT,B,240,102,7,131,48,48,109,6.42
LOT011,OSAT,C,240,99,5,136,48,48,104,4.81
LOT011,OSAT/ATMP,A,216,103,15,98,54,54,118,12.71
LOT011,OSAT/ATMP,B,192,103,11,78,48,48,114,9.65
LOT011,OSAT/ATMP,C,192,96,6,90,48,48,102,5.88
LOT012,OSAT/ATMP,C,208,85,10,113,52,52,95,10.53
LOT012,OSAT/ATMP,B,184,70,16,98,46,46,86,18.6
LOT012,OSAT/ATMP,A,208,83,7,118,52,52,90,7.78
LOT012,OSAT,C,260,94,5,161,52,52,99,5.05
LOT012,ATMP,B,322,150,17,155,46,46,167,10.18
LOT012,OSAT,A,260,100,5,155,52,52,105,4.76
LOT012,ATMP,C,364,154,25,185,52,52,179,13.97
LOT012,ATMP,A,364,161,26,177,52,52,187,13.9
LOT012,OSAT,B,230,84,2,144,46,46,86,2.33
LOT013,OSAT/ATMP,A,216,84,13,119,54,54,97,13.4
LOT013,OSAT/ATMP,C,224,132,10,82,56,56,142,7.04
LOT013,OSAT/ATMP,B,160,82,5,73,40,40,87,5.75
LOT013,OSAT,C,280,138,7,135,56,56,145,4.83
LOT013,ATMP,B,280,142,18,120,40,40,160,11.25
LOT013,OSAT,A,270,84,11,175,54,54,95,11.58
LOT013,ATMP,C,392,225,23,144,56,56,248,9.27
LOT013,ATMP,A,378,159,22,197,54,54,181,12.15
LOT013,OSAT,B,200,87,5,108,40,40,92,5.43
LOT014,OSAT/ATMP,C,248,127,16,105,62,62,143,11.19
LOT014,OSAT/ATMP,B,180,88,10,82,45,45,98,10.2
LOT014,OSAT/ATMP,A,172,80,14,78,43,43,94,14.89
LOT014,OSAT,C,310,137,3,170,62,62,140,2.14
LOT014,OSAT,B,225,78,3,144,45,45,81,3.7
LOT014,ATMP,C,434,229,24,181,62,62,253,9.49
LOT014,ATMP,B,315,147,22,146,45,45,169,13.02
LOT014,ATMP,A,301,161,11,129,43,43,172,6.4
LOT014,OSAT,A,215,95,4,116,43,43,99,4.04
LOT015,OSAT,C,235,89,4,142,47,47,93,4.3
LOT015,OSAT/ATMP,B,220,115,20,85,55,55,135,14.81
LOT015,OSAT/ATMP,A,192,62,11,119,48,48,73,15.07
LOT015,OSAT/ATMP,C,188,85,11,92,47,47,96,11.46
LOT015,OSAT,B,275,115,4,156,55,55,119,3.36
LOT015,ATMP,C,329,145,21,163,47,47,166,12.65
LOT015,ATMP,B,385,206,17,162,55,55,223,7.62
LOT015,ATMP,A,336,141,21,174,48,48,162,12.96
LOT015,OSAT,A,240,83,4,153,48,48,87,4.6
LOT016,OSAT/ATMP,C,192,102,11,79,48,48,113,9.73
LOT016,OSAT/ATMP,B,176,78,10,88,44,44,88,11.36
LOT016,OSAT/ATMP,A,232,105,14,113,58,58,119,11.76
LOT016,OSAT,C,240,104,5,131,48,48,109,4.59
LOT016,OSAT,B,220,76,6,138,44,44,82,7.32
LOT016,OSAT,A,290,118,3,169,58,58,121,2.48
LOT016,ATMP,C,336,181,15,140,48,48,196,7.65
LOT016,ATMP,B,308,138,21,149,44,44,159,13.21
LOT016,ATMP,A,406,191,25,190,58,58,216,11.57
LOT017,OSAT/ATMP,B,148,72,9,67,37,37,81,11.11
LOT017,OSAT/ATMP,A,224,91,15,118,56,56,106,14.15
LOT017,OSAT,C,285,92,9,184,57,57,101,8.91
LOT017,OSAT,B,185,77,5,103,37,37,82,6.1
LOT017,OSAT/ATMP,C,228,92,10,126,57,57,102,9.8
LOT017,ATMP,C,399,158,28,213,57,57,186,15.05
LOT017,ATMP,B,259,133,12,114,37,37,145,8.28
LOT017,ATMP,A,392,169,23,200,56,56,192,11.98
LOT017,OSAT,A,280,90,8,182,56,56,98,8.16
LOT018,OSAT/ATMP,B,188,83,7,98,47,47,90,7.78
LOT018,OSAT/ATMP,A,212,109,9,94,53,53,118,7.63
LOT018,OSAT,C,250,103,6,141,50,50,109,5.5
LOT018,OSAT,B,235,94,8,133,47,47,102,7.84
LOT018,OSAT/ATMP,C,200,97,9,94,50,50,106,8.49
LOT018,ATMP,C,350,174,19,157,50,50,193,9.84
LOT018,ATMP,B,329,154,20,155,47,47,174,11.49
LOT018,ATMP,A,371,193,22,156,53,53,215,10.23
LOT018,OSAT,A,265,124,6,135,53,53,130,4.62
LOT019,OSAT/ATMP,C,176,82,12,82,44,44,94,12.77
LOT019,OSAT/ATMP,B,156,71,7,78,39,39,78,8.97
LOT019,OSAT/ATMP,A,268,113,12,143,67,67,125,9.6
LOT019,OSAT,C,220,89,3,128,44,44,92,3.26
LOT019,OSAT,B,195,73,8,114,39,39,81,9.88
LOT019,ATMP,C,308,148,19,141,44,44,167,11.38
LOT019,ATMP,B,273,117,19,137,39,39,136,13.97
LOT019,ATMP,A,469,206,29,234,67,67,235,12.34
LOT019,OSAT,A,335,127,9,199,67,67,136,6.62
LOT020,OSAT,C,255,123,7,125,51,51,130,5.38
LOT020,OSAT/ATMP,B,208,102,8,98,52,52,110,7.27
LOT020,OSAT/ATMP,A,188,93,8,87,47,47,101,7.92
LOT020,OSAT,B,260,108,3,149,52,52,111,2.7
LOT020,OSAT/ATMP,C,204,122,13,69,51,51,135,9.63
LOT020,ATMP,C,357,212,14,131,51,51,226,6.19
LOT020,ATMP,B,364,181,23,160,52,52,204,11.27
LOT020,ATMP,A,329,145,22,162,47,47,167,13.17
LOT020,OSAT,A,235,68,10,157,47,47,78,12.82
LOT021,OSAT/ATMP,C,232,112,8,112,58,58,120,6.67
LOT021,OSAT/ATMP,B,196,100,5,91,49,49,105,4.76
LOT021,OSAT/ATMP,A,172,92,4,76,43,43,96,4.17
LOT021,OSAT,C,290,128,6,156,58,58,134,4.48
LOT021,OSAT,B,245,104,9,132,49,49,113,7.96
LOT021,OSAT,A,215,94,7,114,43,43,101,6.93
LOT021,ATMP,C,406,202,24,180,58,58,226,10.62
LOT021,ATMP,B,343,169,20,154,49,49,189,10.58
LOT021,ATMP,A,301,151,20,130,43,43,171,11.7
LOT022,OSAT/ATMP,B,220,128,10,82,55,55,138,7.25
LOT022,OSAT/ATMP,A,184,76,15,93,46,46,91,16.48
LOT022,OSAT,C,245,106,9,130,49,49,115,7.83
LOT022,OSAT,B,275,131,5,139,55,55,136,3.68
LOT022,OSAT/ATMP,C,196,101,6,89,49,49,107,5.61
LOT022,ATMP,C,343,172,22,149,49,49,194,11.34
LOT022,ATMP,B,385,219,22,144,55,55,241,9.13
LOT022,ATMP,A,322,148,18,156,46,46,166,10.84
LOT022,OSAT,A,230,85,2,143,46,46,87,2.3
LOT023,OSAT/ATMP,B,212,105,8,99,53,53,113,7.08
LOT023,OSAT/ATMP,A,196,90,12,94,49,49,102,11.76
LOT023,OSAT,C,240,97,6,137,48,48,103,5.83
LOT023,OSAT,B,265,127,7,131,53,53,134,5.22
LOT023,OSAT/ATMP,C,192,95,14,83,48,48,109,12.84
LOT023,ATMP,C,336,175,14,147,48,48,189,7.41
LOT023,ATMP,B,371,197,18,156,53,53,215,8.37
LOT023,ATMP,A,343,169,21,153,49,49,190,11.05
LOT023,OSAT,A,245,100,2,143,49,49,102,1.96
LOT024,OSAT/ATMP,C,192,80,10,102,48,48,90,11.11
LOT024,OSAT/ATMP,B,184,72,11,101,46,46,83,13.25
LOT024,OSAT/ATMP,A,224,83,9,132,56,56,92,9.78
LOT024,OSAT,C,240,87,5,148,48,48,92,5.43
LOT024,OSAT,B,230,72,7,151,46,46,79,8.86
LOT024,ATMP,C,336,153,22,161,48,48,175,12.57
LOT024,ATMP,B,322,132,21,169,46,46,153,13.73
LOT024,ATMP,A,392,155,29,208,56,56,184,15.76
LOT024,OSAT,A,280,91,7,182,56,56,98,7.14
LOT025,OSAT/ATMP,A,196,100,10,86,49,49,110,9.09
LOT025,OSAT/ATMP,C,204,123,9,72,51,51,132,6.82
LOT025,OSAT/ATMP,B,200,102,9,89,50,50,111,8.11
LOT025,OSAT,C,255,124,8,123,51,51,132,6.06
LOT025,OSAT,B,250,117,3,130,50,50,120,2.5
LOT025,OSAT,A,245,95,8,142,49,49,103,7.77
LOT025,ATMP,C,357,209,18,130,51,51,227,7.93
LOT025,ATMP,B,350,182,23,145,50,50,205,11.22
LOT025,ATMP,A,343,171,19,153,49,49,190,10.0
LOT026,OSAT/ATMP,C,244,122,14,108,61,61,136,10.29
LOT026,OSAT/ATMP,B,168,99,7,62,42,42,106,6.6
LOT026,OSAT/ATMP,A,188,73,6,109,47,47,79,7.59
LOT026,OSAT,C,305,123,7,175,61,61,130,5.38
LOT026,OSAT,B,210,113,6,91,42,42,119,5.04
LOT026,OSAT,A,235,83,6,146,47,47,89,6.74
LOT026,ATMP,C,427,210,25,192,61,61,235,10.64
LOT026,ATMP,B,294,174,14,106,42,42,188,7.45
LOT026,ATMP,A,329,137,22,170,47,47,159,13.84
LOT027,OSAT/ATMP,B,168,88,8,72,42,42,96,8.33
LOT027,OSAT/ATMP,A,220,101,18,101,55,55,119,15.13
LOT027,OSAT,C,265,116,7,142,53,53,123,5.69
LOT027,OSAT,B,210,89,9,112,42,42,98,9.18
LOT027,OSAT/ATMP,C,212,100,11,101,53,53,111,9.91
LOT027,ATMP,C,371,185,21,165,53,53,206,10.19
LOT027,ATMP,B,294,147,15,132,42,42,162,9.26
LOT027,ATMP,A,385,179,19,187,55,55,198,9.6
LOT027,OSAT,A,275,95,7,173,55,55,102,6.86
LOT028,OSAT/ATMP,B,212,113,12,87,53,53,125,9.6
LOT028,OSAT/ATMP,A,236,114,8,114,59,59,122,6.56
LOT028,OSAT,C,190,86,3,101,38,38,89,3.37
LOT028,OSAT,B,265,106,7,152,53,53,113,6.19
LOT028,OSAT/ATMP,C,152,85,4,63,38,38,89,4.49
LOT028,ATMP,C,266,140,19,107,38,38,159,11.95
LOT028,ATMP,B,371,192,20,159,53,53,212,9.43
LOT028,ATMP,A,413,198,29,186,59,59,227,12.78
LOT028,OSAT,A,295,125,5,165,59,59,130,3.85
LOT029,OSAT/ATMP,C,180,66,17,97,45,45,83,20.48
LOT029,OSAT/ATMP,B,216,103,8,105,54,54,111,7.21
LOT029,OSAT/ATMP,A,204,96,14,94,51,51,110,12.73
LOT029,OSAT,C,225,67,5,153,45,45,72,6.94
LOT029,OSAT,B,270,96,8,166,54,54,104,7.69
LOT029,ATMP,C,315,124,17,174,45,45,141,12.06
LOT029,ATMP,B,378,177,25,176,54,54,202,12.38
LOT029,ATMP,A,357,184,21,152,51,51,205,10.24
LOT029,OSAT,A,255,104,3,148,51,51,107,2.8
LOT030,OSAT,C,295,105,6,184,59,59,111,5.41
LOT030,OSAT/ATMP,B,200,78,10,112,50,50,88,11.36
LOT030,OSAT/ATMP,C,236,108,22,106,59,59,130,16.92
LOT030,OSAT,B,250,74,7,169,50,50,81,8.64
LOT030,OSAT/ATMP,A,164,87,12,65,41,41,99,12.12
LOT030,ATMP,C,413,195,22,196,59,59,217,10.14
LOT030,ATMP,B,350,145,24,181,50,50,169,14.2
LOT030,ATMP,A,287,161,11,115,41,41,172,6.4
LOT030,OSAT,A,205,87,6,112,41,41,93,6.45
LOT031,OSAT/ATMP,C,212,115,10,87,53,53,125,8.0
LOT031,OSAT/ATMP,B,216,108,16,92,54,54,124,12.9
LOT031,OSAT/ATMP,A,172,62,10,100,43,43,72,13.89
LOT031,OSAT,C,265,121,8,136,53,53,129,6.2
LOT031,OSAT,B,270,101,13,156,54,54,114,11.4
LOT031,OSAT,A,215,68,5,142,43,43,73,6.85
LOT031,ATMP,C,371,201,18,152,53,53,219,8.22
LOT031,ATMP,B,378,190,16,172,54,54,206,7.77
LOT031,ATMP,A,301,122,19,160,43,43,141,13.48
LOT032,OSAT/ATMP,B,208,98,8,102,52,52,106,7.55
LOT032,OSAT/ATMP,A,212,103,10,99,53,53,113,8.85
LOT032,OSAT,C,225,105,6,114,45,45,111,5.41
LOT032,OSAT,B,260,103,7,150,52,52,110,6.36
LOT032,OSAT/ATMP,C,180,97,6,77,45,45,103,5.83
LOT032,ATMP,C,315,163,19,133,45,45,182,10.44
LOT032,ATMP,B,364,175,24,165,52,52,199,12.06
LOT032,ATMP,A,371,181,23,167,53,53,204,11.27
LOT032,OSAT,A,265,105,7,153,53,53,112,6.25
LOT033,OSAT/ATMP,B,184,84,8,92,46,46,92,8.7
LOT033,OSAT/ATMP,A,212,101,11,100,53,53,112,9.82
LOT033,OSAT,C,255,94,8,153,51,51,102,7.84
LOT033,OSAT,B,230,91,5,134,46,46,96,5.21
LOT033,OSAT/ATMP,C,204,100,9,95,51,51,109,8.26
LOT033,ATMP,C,357,165,21,171,51,51,186,11.29
LOT033,ATMP,B,322,152,21,149,46,46,173,12.14
LOT033,ATMP,A,371,186,22,163,53,53,208,10.58
LOT033,OSAT,A,265,114,5,146,53,53,119,4.2
LOT034,OSAT/ATMP,C,184,67,10,107,46,46,77,12.99
LOT034,OSAT/ATMP,B,188,95,12,81,47,47,107,11.21
LOT034,OSAT/ATMP,A,228,89,13,126,57,57,102,12.75
LOT034,OSAT,C,230,72,5,153,46,46,77,6.49
LOT034,OSAT,B,235,103,3,129,47,47,106,2.83
LOT034,ATMP,C,322,125,22,175,46,46,147,14.97
LOT034,ATMP,B,329,169,18,142,47,47,187,9.63
LOT034,ATMP,A,399,168,26,205,57,57,194,13.4
LOT034,OSAT,A,285,101,7,177,57,57,108,6.48
LOT035,OSAT,C,240,70,8,162,48,48,78,10.26
LOT035,OSAT/ATMP,B,192,78,9,105,48,48,87,10.34
LOT035,OSAT/ATMP,C,192,72,10,110,48,48,82,12.2
LOT035,OSAT,B,240,78,4,158,48,48,82,4.88
LOT035,OSAT/ATMP,A,216,89,13,114,54,54,102,12.75
LOT035,ATMP,C,336,128,24,184,48,48,152,15.79
LOT035,ATMP,B,336,137,23,176,48,48,160,14.37
LOT035,ATMP,A,378,163,25,190,54,54,188,13.3
LOT035,OSAT,A,270,84,10,176,54,54,94,10.64
LOT036,OSAT/ATMP,B,192,95,12,85,48,48,107,11.21
LOT036,OSAT/ATMP,A,176,82,9,85,44,44,91,9.89
LOT036,OSAT,C,290,129,7,154,58,58,136,5.15
LOT036,OSAT,B,240,94,9,137,48,48,103,8.74
LOT036,OSAT/ATMP,C,232,130,15,87,58,58,145,10.34
LOT036,ATMP,C,406,222,19,165,58,58,241,7.88
LOT036,ATMP,B,336,172,16,148,48,48,188,8.51
LOT036,ATMP,A,308,141,20,147,44,44,161,12.42
LOT036,OSAT,A,220,83,6,131,44,44,89,6.74
LOT037,OSAT/ATMP,C,156,51,10,95,39,39,61,16.39
LOT037,OSAT/ATMP,B,244,118,9,117,61,61,127,7.09
LOT037,OSAT/ATMP,A,200,95,13,92,50,50,108,12.04
LOT037,OSAT,C,195,51,1,143,39,39,52,1.92
LOT037,OSAT,B,305,136,9,160,61,61,145,6.21
LOT037,ATMP,C,273,94,22,157,39,39,116,18.97
LOT037,ATMP,B,427,214,24,189,61,61,238,10.08
LOT037,ATMP,A,350,172,17,161,50,50,189,8.99
LOT037,OSAT,A,250,97,11,142,50,50,108,10.19
LOT038,OSAT/ATMP,C,224,97,15,112,56,56,112,13.39
LOT038,OSAT/ATMP,B,176,81,11,84,44,44,92,11.96
LOT038,OSAT/ATMP,A,200,98,8,94,50,50,106,7.55
LOT038,OSAT,C,280,113,5,162,56,56,118,4.24
LOT038,ATMP,C,392,192,21,179,56,56,213,9.86
LOT038,OSAT,A,250,100,7,143,50,50,107,6.54
LOT038,ATMP,B,308,138,18,152,44,44,156,11.54
LOT038,ATMP,A,350,164,23,163,50,50,187,12.3
LOT038,OSAT,B,220,68,8,144,44,44,76,10.53
LOT039,OSAT/ATMP,C,148,83,12,53,37,37,95,12.63
LOT039,OSAT/ATMP,B,240,126,10,104,60,60,136,7.35
LOT039,OSAT,C,185,79,4,102,37,37,83,4.82
LOT039,OSAT,B,300,136,10,154,60,60,146,6.85
LOT039,OSAT/ATMP,A,212,101,13,98,53,53,114,11.4
LOT039,ATMP,C,259,142,12,105,37,37,154,7.79
LOT039,ATMP,B,420,217,22,181,60,60,239,9.21
LOT039,ATMP,A,371,176,22,173,53,53,198,11.11
LOT039,OSAT,A,265,104,5,156,53,53,109,4.59
LOT040,OSAT/ATMP,B,192,95,12,85,48,48,107,11.21
LOT040,ATMP,A,420,202,22,196,60,60,224,9.82
LOT040,ATMP,B,336,170,17,149,48,48,187,9.09
LOT040,ATMP,C,294,131,15,148,42,42,146,10.27
LOT040,OSAT,A,300,112,11,177,60,60,123,8.94
LOT040,OSAT,B,240,94,9,137,48,48,103,8.74
LOT040,OSAT,C,210,70,7,133,42,42,77,9.09
LOT040,OSAT/ATMP,A,240,111,14,115,60,60,125,11.2
LOT040,OSAT/ATMP,C,168,71,11,86,42,42,82,13.41
