parameter,total_records,valid_measurements,missing_measurements,normal_records,abnormal_records,abnormal_percent,minimum,maximum,average,median,standard_deviation
wafer_thickness_um,96000,10351,85649,8538,1813,17.52,680.136,819.961,750.3795,750.655,31.3402
ttv_um,96000,6000,90000,4592,1408,23.47,-0.998,5.998,2.5135,2.5205,1.5784
bow_um,96000,6000,90000,4592,1408,23.47,-10.0,59.921,25.1699,25.12,15.5333
warp_um,96000,6000,90000,4592,1408,23.47,-9.919,59.942,24.963,24.921,15.5413
tape_thickness_um,96000,6000,90000,4592,1408,23.47,72.007,127.969,99.9385,100.1145,12.529
sort_current_a,96000,4592,91408,4351,241,5.25,9.302,10.698,9.9989,10.0015,0.3122
thickness_variation_um,96000,4351,91649,3946,405,9.31,-0.988,5.992,2.4721,2.434,1.5654
kerf_width_um,96000,3946,92054,3768,178,4.51,43.035,56.934,50.0061,50.0055,3.0706
attach_force_n,96000,3768,92232,3405,363,9.63,7.207,12.798,9.9693,9.9445,1.2444
attach_offset_um,96000,3768,92232,3405,363,9.63,-9.948,59.669,24.7534,24.784,15.6999
wire_bond_force_n,96000,3405,92595,3067,338,9.93,58.02,71.975,64.9987,65.026,3.138
bond_pull_strength_gf,96000,3405,92595,3067,338,9.93,4.01,10.997,7.4417,7.44,1.5564
mold_temperature_c,96000,3067,92933,2621,446,14.54,166.083,193.941,179.9255,179.916,6.1691
mold_cure_time_s,96000,3067,92933,2621,446,14.54,92.086,147.95,120.3044,120.689,12.3652
void_percentage,96000,3067,92933,2621,446,14.54,-0.974,5.996,2.5731,2.624,1.5675
marking_quality_score,96000,4328,91672,4028,300,6.93,88.002,101.984,95.0615,95.09,3.0929
singulation_damage_score,96000,2477,93523,2342,135,5.45,-1.922,11.97,5.0182,5.1,3.1324
package_dimension_mm,96000,4049,91951,3777,272,6.72,9.72,10.279,9.9987,9.998,0.1241
burn_in_temperature_c,96000,2226,93774,2001,225,10.11,118.028,131.948,124.9587,124.907,3.0988
burn_in_hours,96000,2226,93774,2001,225,10.11,3.205,8.79,5.966,5.945,1.2551
ict_current_a,96000,2001,93999,1898,103,5.15,9.313,10.697,9.9891,10.0,0.3124
fct_voltage_v,96000,1898,94102,1809,89,4.69,3.023,3.58,3.3029,3.303,0.1257
eol_temperature_c,96000,1809,94191,1707,102,5.64,76.063,103.954,90.3158,90.3,6.2382
packaging_damage_score,96000,1551,94449,1483,68,4.38,-1.999,12.0,5.0292,5.006,3.072
